FP,Type,Upstream,UpstreamDate,Import,Calc
chm_mrgn,FP,DSSTox,20240410,20230410,20230410
chm_httr,FP,DSSTox,20240410,20230410,20230410
chm_ct,FP,DSSTox,20240410,20230410,20230410
chm_aim,FP,DSSTox,20240410,20230410,20230410
chm_phch,FP,"DSSTox,OPERA",20230410,20230410,20230410
bio_txct,FPFilter,InvitroDB,20230410,20230410,20230410
bio_txct_ATG,FP,InvitroDB,20230410,20230410,20230410
bio_txct_BSK,FP,InvitroDB,20230410,20230410,20230410
bio_txct_NVS,FP,InvitroDB,20230410,20230410,20230410
bio_pest,FPFilter,Pesticides,20230410,20230410,20230410
tox_txrf,FPFilter,ToxRef,20230410,20230410,20230410
bio_htpp_MCF7,FP,HTPP,20230410,20230410,20230410
bio_htpp_U2OS,FP,HTPP,20230410,20230410,20230410
