FP,Filter,Calc
chm_mrgn,None,20230410
chm_mrgn,bio_txct,20230410
chm_mrgn,bio_pest,20230410
chm_mrgn,tox_txrf,20230410
chm_httr,None,20230410
chm_httr,bio_txct,20230410
chm_httr,bio_pest,20230410
chm_httr,tox_txrf,20230410
chm_ct,None,20230410
chm_ct,bio_txct,20230410
chm_ct,bio_pest,20230410
chm_ct,tox_txrf,20230410
chm_aim,None,20230410
chm_aim,bio_txct,20230410
chm_aim,bio_pest,20230410
chm_aim,tox_txrf,20230410
chm_phch,None,20230410
chm_phch,bio_txct,20230410
chm_phch,bio_pest,20230410
chm_phch,tox_txrf,20230410
bio_txct,None,20230410
bio_txct,bio_txct,20230410
bio_txct,bio_pest,20230410
bio_txct,tox_txrf,20230410
bio_txct_ATG,None,20230410
bio_txct_ATG,bio_txct,20230410
bio_txct_ATG,bio_pest,20230410
bio_txct_ATG,tox_txrf,20230410
bio_txct_BSK,None,20230410
bio_txct_BSK,bio_txct,20230410
bio_txct_BSK,bio_pest,20230410
bio_txct_BSK,tox_txrf,20230410
bio_txct_NVS,None,20230410
bio_txct_NVS,bio_txct,20230410
bio_txct_NVS,bio_pest,20230410
bio_txct_NVS,tox_txrf,20230410
bio_pest,None,20230410
bio_pest,bio_txct,20230410
bio_pest,bio_pest,20230410
bio_pest,tox_txrf,20230410
tox_txrf,None,20230410
tox_txrf,bio_txct,20230410
tox_txrf,bio_pest,20230410
tox_txrf,tox_txrf,20230410
bio_htpp_MCF7,None,20230410
bio_htpp_MCF7,bio_txct,20230410
bio_htpp_MCF7,bio_pest,20230410
bio_htpp_MCF7,tox_txrf,20230410
bio_htpp_U2OS,None,20230410
bio_htpp_U2OS,bio_txct,20230410
bio_htpp_U2OS,bio_pest,20230410
bio_htpp_U2OS,tox_txrf,20230410
